model,accuracy,precision,recall,f1,auc,cross_val_score,rmse,mae,r2,mse,time,train_score,test_score,best_params,residuals,accuracy_score,best_score
logreg,0.9282349681352176,0.9457964601769911,0.9139497594869054,0.9296004349007883,0.9287815540817727,0.9292592477905952,0.26788996223222417,0.07176503186478249,0.7125494880063277,0.07176503186478249,,,,,,,
adaboostclassifier,,0.9090401785714286,0.8706574024585783,0.8894348894348895,0.888435720792005,0.8890734650346704,0.334991718362665,0.11221945137157108,0.5505117476546821,0.11221945137157108,,0.8949629321693342,0.8877805486284289,,"2099     0
8657     0
13202    0
7809     0
5541     0
        ..
14521    0
15333    0
2858     0
1643     0
10527    0
Name: subreddit_target, Length: 3609, dtype: int64",0.8877805486284289,
gradientboostingclassifier,,0.9341801385681293,0.8647781934794228,0.8981404385234527,0.8995927791332672,0.8966944803106909,0.318889038534098,0.10169021889720144,0.5926859540475762,0.10169021889720144,,0.9079886371509734,0.8983097811027986,,"2099     0
8657     0
13202    0
7809     0
5541     0
        ..
14521    0
15333    1
2858     0
1643     0
10527    0
Name: subreddit_target, Length: 3609, dtype: int64",0.8983097811027986,
randomforestclassifier,,0.9839601769911505,0.9508284339925174,0.967110627888013,0.9670712940963739,0.9548255244133319,0.18310459546093819,0.033527292878913824,0.8657084480647321,0.033527292878913824,,1.0,0.9664727071210861,,"2099     0
8657     0
13202    0
7809     0
5541     0
        ..
14521    0
15333    0
2858     0
1643     0
10527    0
Name: subreddit_target, Length: 3609, dtype: int64",0.9664727071210861,
gaussiannb,,0.9326923076923077,0.8295029396044896,0.878076379066478,0.882530526188896,0.8840159282140577,0.34557728956712536,0.11942366306456081,0.5216557117016494,0.11942366306456081,,0.8881729370193308,0.8805763369354391,,"2099     0
8657     0
13202    0
7809     0
5541     0
        ..
14521    0
15333    0
2858     0
1643     0
10527    0
Name: subreddit_target, Length: 3609, dtype: int64",0.8805763369354391,
kneighborsclassifier,,0.7123595505617978,0.5082843399251737,0.5932626325639425,0.6436703632882486,0.6636863556156941,0.6010980992400053,0.3613189249099474,-0.44724118779825806,0.3613189249099474,,0.7666458809672279,0.6386810750900527,,"2099     0
8657     0
13202    0
7809     0
5541    -1
        ..
14521    0
15333    1
2858     0
1643     0
10527    1
Name: subreddit_target, Length: 3609, dtype: int64",0.6386810750900527,
decisiontreeclassifier,,0.9714625445897741,0.8733297701763763,0.9197860962566845,0.9228559092538958,0.9074342147428396,0.281014667869441,0.07896924355777224,0.6836934520532949,0.07896924355777224,,1.0,0.9210307564422278,,"2099     0
8657     0
13202    0
7809     0
5541     0
        ..
14521    0
15333    0
2858     1
1643     0
10527    0
Name: subreddit_target, Length: 3609, dtype: int64",0.9210307564422278,
